{
	"StationLat": 43.336665,
	"StationLng": -80.793457,
	"StationServiceRange": 150
}

